Gene Symbol,0hpf,2hpf,4hpf,6hpf,8hpf,10hpf,12hpf,14hpf,16hpf,18hpf,20hpf,22hpf,24hpf,26hpf,28hpf,30hpf,32hpf,34hpf,36hpf,38hpf,40hpf,42hpf,44hpf,46hpf,48hpf,50hpf,52hpf,54hpf,56hpf,58hpf,60hpf,62hpf,64hpf,66hpf,68hpf,70hpf,72hpf
ascl3l,1,1,0,0,0,0,0,0,2,23,87,88,104,97,98,76,73,85,41,68,76,75,68,94,76,77,85,57,79,64,57,35,34,44,40,9,36
mllt3,785,818,852,794,693,677,418,267,216,304,380,431,454,422,361,386,385,329,266,337,331,387,348,382,328,293,294,304,266,261,292,211,261,282,303,316,295
LOC575350,81,91,69,85,64,33,0,0,3,0,5,11,17,25,17,13,14,12,23,21,24,22,29,24,22,21,24,15,14,23,25,53,35,21,34,5,10
alx1,0,0,0,82,385,816,1031,679,440,493,531,623,572,447,349,257,261,218,186,157,131,136,160,150,226,249,279,192,209,253,249,139,283,302,317,247,333
alx1l,1,1,0,1,0,0,0,0,4,11,82,137,175,174,145,112,97,59,73,56,65,53,61,78,84,68,72,51,45,81,65,73,92,63,65,24,48
LOC115922992,0,0,5,5,0,0,0,0,0,0,0,0,12,26,41,85,138,203,185,269,290,392,475,436,508,495,518,515,432,505,441,453,438,515,491,435,420
tfap4,11,9,6,17,78,193,310,682,887,836,926,926,966,961,949,947,937,916,841,908,882,825,835,872,839,797,819,732,685,671,731,710,693,615,622,620,659
arnt2,54,40,50,51,46,47,18,29,28,70,139,165,215,281,313,342,360,246,324,399,409,428,461,451,451,458,465,454,413,447,442,346,466,505,498,510,460
drgx,0,0,0,0,0,0,0,0,0,0,0,0,0,0,0,0,0,0,0,0,0,0,0,0,0,0,0,0,0,0,0,0,0,0,0,0,0
ash1l,55,41,47,38,24,15,5,42,116,237,384,446,506,500,467,476,492,458,441,415,419,364,360,380,391,388,364,368,397,330,377,188,296,354,318,368,291
ash2l,277,294,276,295,257,226,149,158,303,376,551,590,836,877,886,879,844,909,708,821,771,793,721,741,791,687,712,745,650,635,651,707,527,651,571,560,606
LOC100888741,0,0,0,0,0,0,0,0,0,0,0,0,0,0,0,0,0,0,0,0,0,0,0,0,0,0,0,0,0,0,0,0,0,0,0,0,0
zfhx4,486,489,465,495,328,143,38,169,345,607,586,755,1083,1239,1474,1555,1739,1810,1627,1756,1718,1657,1641,1395,1391,1258,1140,1053,1070,1042,1043,898,976,940,980,1007,978
atf2,1204,1233,1188,1204,1077,833,458,186,168,196,238,306,382,388,373,380,362,519,528,451,452,461,513,556,587,644,604,667,624,857,815,1060,860,807,856,857,833
atf6,353,341,348,365,318,279,153,157,204,242,332,419,377,320,288,301,294,209,205,244,242,243,224,214,222,208,182,187,143,195,169,67,180,178,179,200,206
LOC100888898,0,0,0,0,0,0,0,0,0,0,0,0,0,0,0,0,0,0,0,0,0,0,0,0,0,0,0,0,0,0,0,0,0,0,0,0,0
atoh8l,110,119,123,126,96,65,3,10,33,52,84,112,128,125,146,148,143,114,147,201,217,251,280,305,309,333,343,331,392,317,373,428,398,426,422,410,447
lhx6,0,0,0,14,363,856,842,579,585,668,611,410,404,335,251,266,313,254,203,268,259,317,327,364,283,306,300,296,300,278,308,222,369,480,472,462,546
barhl1,0,0,0,0,0,0,0,0,0,0,0,0,0,0,0,0,0,0,0,0,0,0,0,2,0,0,0,0,0,0,0,0,4,0,4,0,0
barx1,0,0,0,0,0,0,0,0,0,0,0,0,0,0,0,0,0,0,0,0,0,0,0,0,0,0,0,0,0,0,0,0,0,0,0,0,0
bbxl,507,473,498,475,396,215,104,65,71,102,112,103,122,108,100,98,117,51,86,105,107,97,103,99,105,104,90,88,82,92,81,29,87,119,107,106,92
birc6,563,543,494,518,478,436,448,272,163,199,254,278,335,303,320,301,316,267,246,251,257,229,247,228,261,245,241,242,192,248,242,197,243,315,284,247,274
prdm1,67,59,56,79,214,962,1708,1724,1209,2030,2149,2255,1930,2260,2576,2542,2323,2563,1864,1865,1817,1409,1248,1067,873,817,725,613,444,539,510,718,526,421,513,443,465
arntl,139,124,157,128,94,67,31,19,37,42,101,115,189,177,191,208,218,314,196,224,201,277,287,265,340,312,322,294,324,287,306,289,300,358,287,353,355
tbxt,0,0,0,0,2,2,26,266,904,1436,1743,1733,1659,1518,1492,1527,1338,914,957,1168,1178,1169,1089,1050,1043,1059,1083,977,837,781,844,618,790,845,796,826,849
pou1f1,308,289,298,278,280,255,183,150,144,109,80,89,91,146,153,222,256,450,244,310,355,350,397,400,398,427,437,401,422,437,430,560,429,421,450,384,399
hmxl3,0,0,0,0,0,0,0,0,0,0,0,0,0,0,0,0,0,0,11,12,20,38,55,31,59,54,66,49,59,45,61,42,80,84,73,43,74
cdx1l,0,0,0,0,0,0,0,0,0,0,0,0,0,0,0,0,0,0,0,0,0,0,45,115,287,401,561,719,711,753,734,541,788,780,811,813,756
cebpa,53,56,46,74,230,261,985,2498,922,779,538,322,499,211,261,232,287,531,2259,737,730,814,977,1319,1089,1362,1467,1875,1894,3616,2424,2585,3211,2824,3307,3353,3918
cebpgl,198,184,184,201,191,208,223,161,176,62,129,89,133,123,127,118,160,97,93,112,107,120,106,94,164,155,131,105,154,119,158,150,125,155,120,111,150
vsx2,0,0,0,0,0,0,0,0,0,0,0,0,0,0,0,4,9,0,17,9,17,13,15,11,21,18,13,18,16,37,23,15,33,34,28,8,14
cicl,9,13,16,10,0,4,0,41,51,84,75,51,48,42,28,43,61,23,55,60,64,55,86,57,87,100,88,88,89,92,102,63,113,107,121,89,95
LOC576191,413,422,394,420,330,150,61,91,86,56,64,61,105,75,78,85,96,77,88,95,99,100,93,104,140,116,107,131,113,84,118,174,99,112,105,134,128
nr2f2,0,0,0,0,0,0,0,0,0,0,0,0,0,0,0,0,0,0,0,0,0,0,0,0,0,0,0,0,0,0,0,0,6,0,0,0,0
ubp1,641,657,614,630,596,492,210,108,84,166,193,205,190,188,188,181,181,194,156,166,170,174,192,159,169,168,174,176,140,157,162,148,173,144,166,141,142
creb1,159,144,129,142,139,169,156,113,101,96,103,61,101,87,74,65,62,40,65,34,38,33,35,23,37,47,30,11,38,25,43,19,51,34,39,7,33
LOC115918714,3,1,1,2,22,421,1490,2508,2884,1955,1829,1734,1743,1650,1694,1780,2035,1997,1597,1936,1968,1858,1833,1735,1889,1696,1614,1413,1466,1208,1310,1243,1069,911,1015,814,1026
creb3l3,12,12,19,10,46,158,340,656,1199,1071,869,686,664,567,574,616,614,1103,2065,925,889,789,786,862,803,761,742,869,736,1379,1133,1752,1194,829,947,789,838
LOC593001,3045,3013,2982,2920,2888,3248,3790,3547,3343,2511,2294,1818,1340,1132,1007,945,891,818,659,704,683,720,680,651,574,601,571,520,563,478,505,457,461,484,464,381,460
cux1,1072,957,975,992,922,690,461,241,182,212,334,375,545,590,677,716,766,711,604,727,702,801,679,690,867,823,811,891,856,755,823,773,633,736,668,718,787
dach1,5492,5548,5351,5463,5199,5581,5943,5944,5915,6284,7079,7350,7667,7121,5981,4913,4205,3045,2238,1983,1876,1538,1438,1324,1424,1482,1500,1331,1224,1112,1220,1060,1050,982,1051,1015,915
dlxl,0,0,0,0,0,0,0,0,24,299,524,562,565,599,634,580,583,550,458,574,618,740,676,638,709,695,659,714,793,588,665,790,565,698,685,872,762
dmrt3,0,0,0,0,0,0,0,0,0,0,0,0,0,0,20,83,211,274,216,195,202,182,223,188,239,243,212,183,207,166,181,123,196,198,196,125,165
dmrta2,0,0,0,0,0,5,0,4,0,0,0,0,0,3,16,31,48,62,78,89,97,128,156,116,147,153,138,167,189,171,174,116,210,194,249,298,204
dmtf1,30,33,31,47,107,183,206,270,212,217,215,271,308,293,299,311,292,287,207,249,245,243,252,238,223,242,225,222,253,201,209,211,180,184,186,214,190
tfdp1,741,710,711,727,600,762,888,992,1032,831,794,746,877,741,733,689,682,469,466,525,486,473,489,427,552,539,502,483,512,427,482,327,406,434,450,453,465
arid3a,0,0,0,0,0,23,310,423,457,263,150,174,561,1273,2470,3881,5048,6335,4521,6089,6194,6405,5709,5019,4387,3950,3841,3416,3139,2564,2685,2644,2357,1834,2476,2275,1992
LOC115918274,340,310,315,274,304,278,277,268,321,704,891,982,985,896,837,806,826,892,723,773,775,808,816,817,794,818,801,766,803,794,766,831,804,734,817,742,741
e2f3,77,80,83,78,128,427,1168,2122,3064,3879,3596,3376,3021,3031,2750,2534,2326,2174,1409,1539,1469,1557,1480,1608,1272,1217,1256,1274,1100,905,950,848,867,1028,980,1100,972
LOC594596,0,0,0,16,179,615,1263,1785,2307,2107,2124,2225,1914,1753,1529,1493,1381,1090,984,1242,1232,1332,1279,1336,1200,1204,1173,1133,1109,974,1059,1096,920,1008,1015,1039,1022
eip78cl,88,99,77,79,53,8,0,0,5,26,98,181,161,202,206,199,227,151,142,168,181,214,222,210,205,205,185,148,164,183,184,117,179,206,162,112,192
LOC577048,0,0,0,0,0,0,0,0,0,0,0,2,53,71,90,147,210,349,263,380,411,453,381,413,416,400,389,407,406,295,349,423,320,359,330,339,340
LOC100892559,539,477,525,462,478,780,1897,2909,3202,1915,1187,722,517,481,387,341,327,713,2947,674,583,303,325,380,302,258,264,441,214,848,554,1552,938,338,577,267,448
elf2,111,110,95,126,144,257,330,419,519,548,521,536,573,633,658,723,776,856,780,950,965,988,992,984,997,1080,1093,1052,992,1079,1047,1196,1034,976,1053,1052,958
elk1,11,10,12,12,58,711,1720,1211,585,212,200,233,225,216,188,163,158,485,798,333,359,201,196,223,270,251,215,189,170,441,406,485,510,365,313,360,387
emx1l,0,0,0,0,16,79,376,562,698,548,368,378,481,483,458,493,494,481,439,538,582,545,467,425,489,422,406,290,386,277,327,288,294,344,347,316,357
en1,0,0,0,0,0,0,0,0,0,0,0,0,0,0,0,0,0,0,0,0,0,0,0,0,0,0,0,0,0,0,0,0,0,0,0,0,0
ezh1,1023,1076,987,1013,887,642,147,86,106,100,200,226,262,344,322,358,337,262,270,322,324,305,308,281,280,264,286,222,225,213,225,169,195,173,166,144,143
LOC763766,211,209,216,206,170,103,22,5,4,44,163,322,417,441,464,562,618,510,642,752,787,855,945,980,1076,1131,1149,1046,1002,998,1019,977,1027,1076,1062,887,1091
efnb1,41,22,24,25,56,62,54,83,97,109,212,329,560,632,731,871,929,1288,754,921,931,872,838,813,931,854,872,908,908,747,867,820,723,737,787,1033,732
erfl,952,943,919,929,739,359,50,62,126,269,322,474,543,488,483,497,522,432,435,476,474,376,432,412,518,529,508,602,507,539,562,577,578,606,569,535,605
ergl,0,0,0,0,0,28,131,340,702,1073,933,797,838,765,699,605,654,786,422,431,404,379,390,340,405,392,405,349,387,378,383,336,372,416,382,415,449
err,2576,2603,2580,2600,2173,1659,1078,768,723,598,700,612,610,638,590,586,590,552,485,553,554,618,623,672,586,628,646,687,651,609,688,507,644,768,729,778,777
ehfl,3,3,3,12,122,356,571,394,591,366,401,459,532,507,300,184,147,170,280,169,172,123,126,129,190,196,190,144,198,201,211,103,208,216,176,173,217
ets1,14612,15242,15134,15332,13963,7810,1577,832,935,923,598,572,422,361,269,206,222,192,156,150,162,173,227,209,237,231,235,206,180,258,253,127,286,243,282,177,262
spdef,5291,5372,5359,5215,8201,8003,3724,5720,6981,7380,988,861,488,482,333,252,273,4349,14073,7775,6073,1144,1473,2809,2351,941,979,1620,1251,8599,6882,10662,10534,3389,6089,2938,5307
evxl,0,0,0,238,1172,1707,1009,860,1081,1341,2013,1382,1038,1016,843,671,555,481,690,688,734,658,616,578,688,641,621,582,463,349,393,314,282,366,316,280,368
mecom,0,0,0,0,0,0,0,4,22,40,123,249,411,331,192,100,92,86,68,58,72,62,86,84,101,113,108,81,94,87,82,90,78,60,68,38,46
ey,0,0,0,0,0,0,0,0,0,0,0,0,0,0,0,0,0,0,0,0,0,0,0,0,0,0,0,0,0,0,0,0,0,0,0,0,0
fgfr3,288,307,272,294,227,156,207,589,1029,1422,1440,1555,1861,2060,2165,2187,2164,2311,1611,1967,1984,2159,2105,2238,2326,2309,2414,2379,2330,2194,2308,2405,1998,2022,2098,2293,2071
zfpm1l,73,68,80,70,15,12,0,0,0,0,0,0,2,10,5,7,21,15,28,29,36,27,42,30,34,23,19,16,0,20,8,11,27,18,21,0,9
fosl,0,0,0,0,0,0,0,0,0,0,0,0,0,0,0,0,0,0,28,0,0,0,0,0,0,0,0,0,0,15,18,81,22,0,0,0,0
foxa1,0,0,0,0,0,55,644,1507,1565,2452,3321,5204,4997,5543,5630,5148,4762,4131,3003,3756,3596,3303,3491,3485,3342,3307,3311,3012,2592,2675,2600,2876,2537,2120,2424,2179,2410
Foxabl,0,0,0,0,0,0,0,0,0,0,0,0,2,22,40,92,158,179,210,420,458,545,539,507,474,475,523,467,481,435,450,498,501,518,512,443,556
foxb1,0,0,0,0,0,0,0,0,0,13,83,83,83,72,21,4,3,0,6,0,0,1,5,13,19,21,21,10,45,9,31,10,19,7,13,0,0
foxc1,0,0,0,0,0,0,0,0,0,0,0,0,10,43,72,118,159,175,198,231,235,193,198,179,183,177,176,147,174,193,179,172,189,171,159,94,155
foxd4,0,0,0,0,0,0,0,0,0,0,0,0,0,0,12,61,118,97,113,237,285,348,416,477,540,617,702,677,645,673,642,671,636,632,612,644,639
foxf1,0,0,0,0,0,0,0,0,0,0,0,0,0,0,0,0,0,0,22,41,56,94,111,86,117,119,114,45,70,59,52,31,82,57,71,24,51
foxg1,0,0,0,0,0,0,0,12,122,253,462,673,909,1063,1186,1273,1365,1193,746,1130,1103,1140,1090,1064,1026,1101,1055,1033,973,846,868,1177,858,961,973,925,949
foxi3,0,0,0,0,0,0,0,0,0,5,0,0,0,0,0,0,0,0,14,35,65,128,183,198,256,295,279,329,279,343,339,355,363,384,351,353,375
foxj1,112,120,129,234,1388,3432,2550,935,1177,1231,1090,839,915,731,668,628,602,977,915,872,815,719,773,780,784,855,850,1066,940,1306,1271,1572,1545,1285,1278,1379,1325
foxj3,3167,3146,3077,3280,2918,2138,1278,895,952,1003,1020,976,906,899,907,929,890,928,705,777,792,825,842,841,878,934,927,937,859,910,915,813,953,976,1037,1030,1100
foxk1,593,568,573,607,593,772,1010,999,1100,916,1166,1096,1165,1211,1224,1273,1248,1309,1007,1204,1205,1296,1345,1236,1330,1330,1354,1250,1333,1219,1305,1137,1149,1365,1159,1045,1205
foxl1,0,0,0,0,0,0,0,0,0,0,0,0,0,0,0,1,11,24,77,107,131,210,295,339,372,430,421,351,373,401,409,445,434,407,383,327,347
foxl2l,0,0,0,0,0,0,0,0,0,0,0,0,0,0,0,0,0,0,0,0,0,0,0,0,0,0,0,0,0,0,0,0,0,0,0,0,0
foxml,110,103,94,102,194,490,670,788,735,688,690,580,457,413,329,286,272,319,181,203,215,185,207,175,159,174,170,170,177,161,160,140,199,219,239,195,211
foxn4,1199,1166,1238,1244,1348,1283,1627,1339,1252,1305,1406,1120,1113,1021,928,838,768,825,595,646,652,581,570,503,504,523,523,524,493,469,469,460,466,588,506,511,529
foxn3,5,4,4,7,4,58,363,610,794,752,807,977,1105,934,770,778,835,1060,627,675,725,632,614,535,549,489,517,465,429,430,451,656,455,432,460,524,507
foxo1,57,38,51,70,96,96,62,125,167,257,333,501,690,804,951,1103,1332,1515,1367,1666,1670,1739,1654,1702,2016,2030,2105,2120,2082,1984,2081,1680,1801,1730,1838,2038,1905
foxq1,0,0,0,0,0,0,0,0,0,0,0,0,0,0,0,0,0,0,0,0,0,0,0,0,0,0,0,0,0,0,0,0,0,0,0,0,0
foxe3l,0,0,0,366,2897,1481,2443,1543,2807,2136,1896,1556,1308,1246,1111,1028,980,1479,1487,859,798,581,542,539,549,548,455,365,326,269,301,187,163,54,103,19,20
foxy,0,0,0,3,31,95,48,61,25,0,1,22,94,199,269,253,319,239,226,147,117,62,52,32,35,21,11,10,0,6,0,4,11,11,6,0,11
LOC579838,26,14,10,26,68,241,1348,3539,2428,2192,965,588,592,483,465,472,465,1173,5061,928,853,649,694,741,646,637,693,1083,700,1987,1506,3311,2028,962,1376,1038,1323
fzd2,2480,2494,2530,2481,2900,3072,2423,2009,1740,1638,1463,1683,1938,2114,2301,2217,2107,1751,1658,1939,1895,1898,1973,1830,1772,1806,1762,1682,1777,1532,1602,1216,1479,1350,1538,1456,1465
fzd5,326,339,328,387,939,1372,1188,809,898,947,1039,1007,1142,1165,1074,971,1058,1111,933,856,867,816,810,801,968,963,903,839,810,689,747,932,749,806,757,738,698
fzd9,15,11,15,20,66,374,754,851,616,617,649,669,602,664,676,696,665,651,519,620,632,587,591,580,603,652,647,594,531,473,538,411,496,509,519,522,456
nr5a2,0,0,0,0,0,14,0,11,0,0,0,0,0,0,0,0,0,0,0,0,1,0,5,7,5,7,1,6,8,14,13,12,22,9,14,12,20
nr1h3,751,737,692,691,413,143,0,14,22,27,71,82,130,177,194,228,292,248,231,284,281,353,370,351,350,326,368,330,315,324,336,177,316,430,361,394,373
gabpa,466,492,488,464,427,261,182,274,302,268,313,341,323,335,322,313,258,130,217,267,265,272,260,253,218,212,211,215,236,173,201,103,183,150,194,160,155
gata3,0,0,0,0,0,0,0,0,0,15,90,118,169,124,69,48,51,18,26,21,27,38,42,39,69,80,65,46,76,58,70,31,61,58,62,12,52
gata6,0,0,0,0,0,0,0,89,430,471,344,280,250,283,345,415,562,703,665,784,777,751,674,624,548,536,467,419,414,408,395,367,401,377,416,327,368
gcml,0,0,0,9,55,212,2664,3711,3072,2643,3243,3117,2696,2379,2139,1847,1974,1348,1188,1301,1299,1140,1053,1047,899,938,897,854,815,755,780,596,709,816,752,738,729
nr6a1,0,0,0,0,0,0,0,0,0,0,0,0,0,0,0,0,0,0,0,5,22,39,101,98,150,176,255,322,422,514,514,675,770,1006,855,911,937
tefl,0,0,0,0,0,0,0,0,0,0,0,0,0,0,0,0,0,0,0,0,0,0,0,0,0,0,0,0,0,0,0,0,0,0,0,0,0
gl,0,0,0,0,0,0,0,0,0,0,0,0,0,0,0,1,13,3,44,83,111,179,208,192,199,200,199,183,158,154,168,316,182,186,189,124,161
gli3,31,31,20,20,29,160,116,127,159,207,316,438,801,953,1068,1297,1520,1728,1470,1717,1742,2079,2200,2164,2165,2239,2237,2247,2201,2248,2250,2142,2241,2247,2362,2384,2317
glis3,73,77,75,54,7,0,0,5,10,15,17,16,24,27,23,37,44,54,42,41,40,46,71,50,78,87,77,94,79,120,115,98,140,153,124,132,130
glis2l,269,243,208,239,208,132,54,67,70,54,91,79,115,120,114,121,117,96,107,113,132,116,131,122,114,118,108,98,108,118,101,96,116,81,122,70,94
nr6a1b,433,414,406,408,283,343,521,547,304,249,272,292,287,262,238,226,240,143,257,222,225,193,200,194,221,218,201,182,166,187,176,74,157,171,139,107,126
gscl,0,0,0,0,0,0,0,43,168,416,640,755,1046,1268,1307,1350,1182,808,825,1056,1043,1084,1094,1164,1239,1263,1226,1330,1082,992,1008,875,982,1161,1056,866,945
LOC579267,0,0,0,0,0,0,0,0,0,0,0,0,0,0,1,7,22,7,12,22,30,18,24,8,7,0,0,0,0,0,0,0,0,0,0,0,0
hes1,0,0,0,0,0,0,0,0,0,0,0,0,0,0,0,0,0,0,0,0,0,0,0,0,0,0,0,0,0,0,0,0,0,0,0,0,0
hes,0,0,0,1,8,0,20,155,372,745,1058,1320,1503,1670,1945,1885,1972,1831,1218,1684,1737,1724,1747,1698,1572,1555,1617,1486,1210,1205,1147,1108,1110,1544,1170,1111,1210
mnx1l,0,0,0,0,0,0,0,0,0,0,0,0,0,0,0,0,4,0,4,2,8,8,19,36,50,46,35,41,41,35,57,17,30,47,29,23,31
hbn,0,0,0,0,3,8,257,315,514,569,605,480,499,540,496,558,572,626,423,550,523,547,526,551,534,524,466,462,485,403,401,525,375,496,423,385,455
LOC592057,99,91,93,252,1253,1738,2855,1903,3209,2788,2554,2086,1888,1711,1663,1503,1361,1164,1560,1541,1439,1140,1126,1074,1033,1000,948,902,732,928,873,636,997,1078,846,829,789
hey1,0,0,1,2,3,2,0,0,0,0,0,0,0,0,0,0,0,0,0,0,1,0,5,12,6,9,2,12,1,4,11,5,32,14,24,0,14
LOC581970,0,0,0,0,0,9,59,41,279,590,827,1028,1230,1417,1578,1686,1664,1570,1723,1856,1983,2091,2110,2094,1972,1960,1853,2179,1832,1891,1959,1785,1968,2034,1977,2231,1924
LOC115918645,0,0,0,0,0,0,14,35,37,24,38,30,98,64,38,24,49,22,34,42,73,90,101,90,121,101,104,68,99,109,98,41,99,126,109,48,117
hlf,84,71,86,100,132,472,849,1131,1565,1900,2068,2062,2023,2029,2079,2123,2145,1976,1756,2076,2076,2511,2515,2549,2436,2554,2610,2527,2533,2562,2587,1983,2756,3415,3158,3353,3424
hlxl,0,0,0,0,0,0,0,0,0,0,0,0,0,5,10,24,62,30,47,49,61,80,85,90,83,91,89,99,109,113,131,103,169,178,211,234,231
hmbox1,796,836,827,870,805,790,660,390,187,57,38,23,37,41,33,40,62,31,51,53,52,70,75,70,69,67,49,54,50,51,57,66,57,65,56,35,59
hmbox2,10643,10989,11490,11331,11627,12142,14192,14260,16537,19053,19707,20644,17007,15585,14459,13120,11343,9278,7014,8030,7752,7724,6833,6582,5667,5383,5200,4908,4470,3928,4090,3405,3629,3961,3827,3824,4036
hmxl1,274,272,276,245,128,29,165,465,607,1148,1396,1344,1475,1532,1533,1440,1304,756,645,862,903,968,948,847,921,949,915,821,839,526,610,585,493,581,619,759,732
hnf1a,0,0,0,0,0,0,0,0,0,10,39,105,127,211,244,311,315,400,278,251,189,122,77,75,66,43,64,39,31,49,45,62,49,43,45,11,20
hnf4a,10,3,3,8,0,0,0,1,0,0,0,0,6,23,48,81,131,259,195,242,218,270,262,224,207,186,172,148,110,136,134,100,153,137,153,134,136
onecut2,1688,1642,1627,1703,1567,1587,1160,859,852,856,961,987,1122,1279,1571,2011,2516,3023,2441,3065,3321,3840,3681,3596,3693,3351,3321,3353,3305,2773,2998,2514,2409,2469,2536,2545,2291
LOC115929972,0,0,0,0,0,0,0,0,0,0,0,0,0,0,0,0,4,0,0,0,0,0,4,8,0,0,0,5,1,5,1,0,3,1,1,0,1
hoxa10l,0,0,0,1,0,0,0,11,3,0,0,0,7,0,0,0,8,0,1,10,6,12,17,17,1,4,0,8,0,2,6,1,18,21,12,5,22
Hbox7,0,0,0,0,3,379,2246,3264,2528,1750,1554,1338,759,678,658,614,531,388,424,547,567,638,663,623,621,645,603,622,556,459,542,388,412,430,419,472,451
hoxa3l,0,0,0,0,0,0,0,0,0,0,0,0,0,0,0,0,0,0,0,0,0,0,0,0,0,0,0,0,0,0,0,0,0,0,0,0,0
LOC575073,0,0,0,0,0,23,39,11,0,0,0,0,0,0,0,0,0,0,0,0,0,0,0,0,0,0,0,0,0,0,0,0,0,0,0,0,0
hoxa7l,0,0,0,0,0,0,0,0,0,0,0,0,0,0,0,1,1,0,1,0,0,0,0,0,0,0,2,4,0,0,3,0,4,2,8,0,0
hoxal,0,0,0,0,0,0,0,0,0,53,203,502,737,872,1064,1124,1117,728,759,928,899,1041,940,902,939,902,859,909,1006,727,874,672,618,804,747,877,773
hoxb8,0,0,0,0,0,0,0,0,0,0,0,0,0,0,0,0,0,0,0,0,0,0,0,0,0,0,0,0,0,0,0,0,0,0,0,0,0
hoxa9,0,0,0,0,0,0,0,0,0,0,0,0,0,0,0,0,0,0,0,0,8,21,7,25,21,22,17,15,5,10,15,4,24,32,20,12,27
LOC100893306,475,452,434,459,325,182,55,49,52,85,62,63,70,66,73,78,82,51,77,85,93,74,81,57,87,103,75,83,72,66,88,79,68,61,78,59,67
pou2f1,893,862,855,895,743,611,306,149,113,187,293,353,317,352,321,288,296,190,217,211,208,185,190,176,164,173,155,150,150,148,159,146,156,157,154,125,135
ovol1,2491,2431,2420,2500,2305,2546,3393,3683,2917,2576,2374,2322,1905,1333,965,819,664,549,789,320,279,248,292,311,291,345,302,241,270,212,213,111,168,73,131,67,62
znf410,2092,2035,2094,2016,1934,955,303,293,281,355,299,337,374,437,409,428,442,366,349,471,485,495,447,453,464,485,501,532,488,464,483,380,443,413,427,502,416
unpgl,0,0,0,0,0,0,0,0,0,0,0,2,23,56,100,107,135,112,164,233,241,265,272,279,252,278,264,250,195,224,220,201,263,283,282,304,275
insm2,0,0,0,0,0,0,0,0,0,0,0,2,29,64,103,166,213,204,155,195,216,197,198,180,236,252,262,229,260,242,274,167,285,276,282,210,247
emcl,0,1,4,13,170,605,809,620,964,1737,1771,1520,1431,1653,1582,1545,1532,1858,1086,1602,1640,1494,1422,1391,1355,1360,1414,1396,1359,1181,1311,1700,1104,1406,1162,1321,1206
irfl,0,0,0,0,0,0,0,0,24,0,1,0,0,0,0,0,0,13,92,0,0,0,0,5,9,10,3,6,0,12,11,3,39,3,16,11,1
irf4,0,0,0,0,0,0,0,0,0,0,0,0,0,0,21,101,175,124,151,78,56,52,61,58,35,40,29,16,33,52,46,11,44,18,38,0,5
irx4,0,0,0,0,30,42,0,40,161,1093,2098,2779,3397,4216,4671,5001,4841,4041,3521,4178,4338,4682,4354,4116,3578,3564,3502,3607,3396,3032,3009,2960,2693,3298,3036,3543,3188
mkx,0,0,0,0,0,2,0,0,0,0,0,0,19,47,71,74,78,50,100,67,60,73,78,70,81,80,79,46,83,54,58,28,76,32,60,7,29
isl1,0,0,0,0,0,0,0,0,0,0,0,0,44,90,114,122,104,118,101,139,140,123,125,79,142,130,127,125,134,107,132,65,120,141,140,132,123
jun,2373,2216,2319,2169,2269,2310,2071,4502,3963,3583,1972,1596,1265,1180,1061,908,877,1480,6957,1735,1682,1193,1263,1370,1315,1313,1269,1547,1473,2731,1848,3902,2716,1768,2310,1573,2015
klf11,143,140,141,149,113,211,596,692,981,674,687,575,729,601,600,573,608,384,1004,663,660,654,712,664,746,767,750,806,632,781,729,833,820,845,780,760,797
klf13,688,690,688,671,632,336,155,265,546,675,881,934,889,910,996,1049,1081,1260,936,1158,1148,1328,1342,1371,1258,1267,1226,1254,1206,1079,1109,1038,1057,1018,1039,939,946
klf15,22,18,9,19,4,0,0,0,0,0,0,0,9,20,47,98,161,178,200,301,311,324,353,371,400,421,429,362,406,416,469,412,455,481,459,452,534
klf2,874,879,741,631,1577,3384,7123,5035,4934,4565,4278,3167,2940,2810,2612,2431,2029,2178,2406,1520,1528,1334,1285,1383,1049,1060,1036,1129,939,2099,1526,2852,2118,1307,1585,1363,1515
klf12b,927,982,999,938,954,1229,2382,2665,1620,552,549,508,466,430,485,551,565,519,514,713,703,817,847,943,878,913,958,1001,1033,952,980,1439,1099,1129,1203,1251,1125
klf6,419,395,397,361,230,355,377,505,815,815,810,888,982,1014,1107,1316,1508,1264,1274,1728,1786,2068,2074,2110,2033,1964,2010,2113,2040,1752,1865,1861,1587,1538,1643,1700,1426
LOC373243,0,0,0,0,0,0,0,0,0,0,0,0,0,0,0,0,0,0,0,0,0,0,0,0,0,0,0,0,0,0,0,0,0,0,0,0,0
l3mbtl4,110,123,124,116,104,68,33,51,82,148,201,300,394,467,475,448,503,389,345,396,357,311,317,285,228,212,245,214,177,202,201,102,239,225,229,161,215
mbtd1,920,909,892,944,805,652,373,275,256,263,257,296,270,252,238,229,228,267,187,202,198,225,227,210,209,201,192,206,195,207,206,130,207,176,191,209,174
LOC582683,523,568,550,549,410,226,224,158,110,98,107,129,141,188,206,197,246,291,198,304,340,432,480,493,542,532,573,561,512,576,596,622,628,688,698,628,768
lbx1,0,0,0,0,0,0,0,0,0,0,0,0,0,0,0,0,0,0,0,0,0,0,0,0,0,0,0,0,0,0,0,0,0,0,0,0,0
ldb2,1384,1442,1466,1426,1314,1002,588,606,815,1038,1082,1248,1297,1267,1255,1261,1315,1207,1038,1259,1267,1373,1332,1397,1269,1256,1252,1258,1270,1085,1207,1037,1112,1088,1203,1288,1166
Tcf/Lef,4735,4532,4494,4585,3694,1205,156,60,107,115,308,392,395,461,483,494,511,386,415,424,449,427,421,445,415,402,427,395,383,382,400,489,405,398,392,394,339
LOC115918016,0,0,0,0,0,0,0,0,0,0,0,0,0,0,0,0,2,0,0,2,1,0,0,12,0,0,0,0,0,0,0,2,0,0,0,0,1
lhx1,1,2,0,17,178,789,1843,2211,2167,2624,2387,1615,1511,1288,1176,1032,884,659,478,567,565,581,509,507,570,565,554,582,631,555,561,515,500,667,591,784,730
lhx9,0,0,0,0,0,0,0,0,0,12,59,86,128,130,104,135,146,138,152,175,178,204,211,154,223,186,196,148,180,150,169,117,166,193,158,125,155
lmo2,445,448,447,463,407,311,130,75,53,141,166,263,290,253,201,179,176,93,97,131,130,151,153,175,139,135,132,112,134,110,110,50,104,89,92,54,90
lmo4,382,388,415,412,357,173,80,59,49,1,16,33,63,91,156,233,402,612,690,974,1085,1352,1498,1478,1669,1641,1648,1732,1532,1414,1527,1276,1356,1404,1379,1618,1321
LOC105445265,182,175,169,162,129,50,10,0,0,0,0,0,0,0,0,0,2,2,12,14,17,31,43,29,54,45,39,51,65,51,75,28,58,67,55,67,61
mx1b,0,1,0,0,0,0,0,0,3,0,0,0,10,28,35,63,80,135,102,131,139,147,139,150,158,155,162,197,198,194,212,97,221,209,203,177,199
pdx1l,0,0,0,0,0,0,0,0,0,0,0,6,0,8,40,72,145,143,219,423,507,704,722,834,878,853,857,779,639,547,611,383,462,461,436,427,511
lztfl1,138,160,145,149,121,218,210,257,296,369,423,565,561,646,662,674,728,745,503,685,693,837,798,919,790,796,854,856,685,815,749,572,782,820,860,968,959
mxd1,216,240,237,238,311,762,1476,2088,2311,2313,2680,2774,3001,2905,3199,3685,3504,3381,3319,4227,4223,4950,4861,5126,4433,4792,4793,5439,5420,5055,5428,5434,5566,5511,6000,6570,5840
mafl,15,15,19,28,16,10,5,7,0,0,0,0,13,51,66,87,140,95,95,126,133,133,151,161,142,150,156,108,147,129,146,81,150,113,153,96,115
max,1398,1458,1493,1436,1380,1679,2018,2397,2854,3467,2780,2813,2423,2115,1876,1697,1541,1808,1040,1164,1138,1112,1008,969,830,800,743,625,557,540,553,616,484,462,515,464,540
dmbx1,0,0,0,0,0,0,0,2,0,0,0,0,0,19,54,77,132,371,191,311,315,287,306,281,278,286,281,293,274,271,276,362,279,224,260,147,179
mef2cl,837,849,860,830,594,418,384,497,556,523,590,570,559,528,532,483,544,477,527,649,714,793,885,902,924,1034,1063,1007,1003,1101,1049,1092,1166,1367,1368,1391,1320
meis1,102,117,110,97,45,12,1,6,18,23,10,24,28,33,28,35,42,21,43,70,101,137,195,247,382,417,429,428,474,443,473,296,447,461,479,574,481
msc,0,0,0,0,0,0,0,0,0,0,0,0,0,0,0,1,0,0,1,0,3,0,2,0,1,3,1,7,0,2,6,6,27,21,30,12,36
tfe3,744,760,750,757,610,369,222,182,184,312,390,644,875,923,949,880,930,727,688,793,762,751,787,866,767,838,772,686,630,808,753,744,817,888,867,708,817
kmt2c,1139,1107,1096,1146,871,802,599,591,767,859,877,889,980,874,779,796,727,723,626,670,626,647,613,612,601,543,563,571,542,559,592,370,536,612,558,555,598
LOC115920887,4400,4326,4173,4338,3307,1170,377,389,537,725,685,761,797,769,771,818,851,791,708,856,850,848,874,852,926,923,909,987,874,822,837,724,755,682,754,861,717
mlx,394,392,408,406,403,386,383,326,308,273,356,322,257,250,281,298,254,266,204,229,223,267,288,269,236,253,241,223,198,196,193,110,212,249,238,200,212
LOC583678,1459,1369,1367,1442,1289,1284,1047,793,742,560,553,466,525,459,459,497,481,567,410,471,507,545,570,536,644,656,698,617,647,650,642,520,622,637,674,687,657
mnt,196,193,207,176,132,107,60,180,317,530,465,443,430,410,405,368,368,315,367,343,378,300,333,270,306,304,295,269,289,262,315,232,306,211,238,234,213
meox1,0,0,0,0,0,0,0,3,0,0,0,0,0,0,0,0,3,0,12,24,27,49,47,52,52,43,51,43,53,61,55,74,70,87,69,38,62
msx1,0,0,0,0,0,0,0,0,0,84,289,324,340,362,353,312,296,191,172,183,212,211,212,190,196,181,181,180,151,133,133,98,123,213,165,163,186
msxl,0,0,0,0,0,0,0,4,42,158,209,231,195,247,213,212,219,300,238,267,276,317,329,303,304,311,294,296,361,291,315,165,276,297,297,313,267
mta2,1532,1546,1571,1588,1568,1695,1752,1616,1525,1169,1035,905,1081,965,1021,970,1023,881,759,893,867,873,835,779,749,743,704,658,566,622,590,626,515,638,549,500,499
mybb,1353,1280,1263,1246,1427,2178,3046,3500,3815,2811,2534,1949,1511,1258,1179,1057,1071,1289,1018,1039,1056,1152,1186,1210,1196,1231,1297,1306,1479,1276,1318,1221,1225,1383,1294,1268,1289
myc,344,333,374,312,221,109,399,958,1688,2019,2766,3172,2812,3322,3208,3103,3030,2274,2273,2767,2735,2489,2424,2232,2257,2295,2145,1819,1612,1705,1710,1397,1504,1787,1444,1396,1569
myod1l,0,0,0,0,0,0,0,0,0,0,0,0,0,0,0,0,0,8,85,207,234,139,89,48,45,45,43,9,34,35,36,24,45,44,41,19,33
LOC100890887,0,0,0,0,0,0,0,0,0,0,0,0,0,0,0,0,0,0,0,0,0,0,0,0,0,0,0,0,0,0,0,0,0,0,0,0,0
tcf21l,0,0,0,0,0,0,0,0,0,0,0,0,0,0,0,0,0,0,4,6,22,30,75,113,185,208,229,156,177,180,178,190,151,157,137,88,142
tcf24l,0,0,0,0,0,0,0,0,0,0,0,0,0,0,0,0,0,0,0,0,0,0,0,0,0,0,0,0,0,0,0,0,0,0,0,0,0
nhlh1,0,0,0,0,0,0,0,0,0,0,0,0,0,0,0,0,0,0,0,0,0,0,0,0,0,0,0,0,0,0,0,0,0,0,0,0,0
neurod1,0,0,0,0,0,0,0,0,0,0,0,0,0,0,0,0,0,0,0,0,0,0,0,0,0,0,0,0,0,0,0,0,11,15,9,5,11
LOC590859,521,524,524,565,792,1067,1368,2112,2278,2494,2779,2739,2691,2666,2523,2629,2560,2897,3364,3262,3450,2743,2850,3177,3831,3931,4361,5252,5071,6886,6478,6442,6371,6318,6006,7446,5930
nfe2l1,59,63,61,68,176,429,966,1496,2259,2065,2119,1989,2189,1978,2027,2086,2079,3230,3924,2700,2717,2689,2925,3145,3579,3640,3512,3601,3508,4916,4440,4578,4620,4332,4221,4132,4644
nfia,44,46,47,47,19,22,0,7,9,0,0,0,5,1,1,0,2,0,5,0,0,1,24,22,61,89,134,128,173,233,243,266,340,512,398,421,501
nfil3l,368,371,362,334,247,207,286,449,740,726,545,460,419,474,470,482,530,879,981,998,920,756,827,1011,918,922,971,1035,950,1008,1065,683,1013,835,931,939,787
nfkb1,325,295,279,287,257,240,188,128,126,142,179,148,177,201,167,159,168,152,131,152,169,193,199,241,251,246,259,251,264,298,310,439,332,409,337,349,353
neurog2l,0,0,0,0,0,0,0,0,0,0,0,0,0,0,0,0,0,0,0,0,1,2,9,20,39,60,49,88,68,138,134,107,153,111,156,132,133
Nk1,0,0,0,4,7,0,0,3,0,6,71,174,444,539,654,677,634,577,420,602,596,511,553,495,654,721,752,700,548,433,468,264,399,501,443,435,471
nkx2-2,0,0,0,0,23,63,93,235,1050,4239,5976,5638,4974,5274,5497,5225,4460,4209,3036,3671,3689,3547,3236,2941,2574,2584,2550,2670,2653,2408,2435,2147,2259,2473,2407,2806,2656
gbx2l,0,0,0,0,0,0,0,0,0,0,0,0,82,197,309,340,333,277,216,137,103,44,55,64,57,59,70,55,55,41,53,27,73,66,96,77,80
nkx2-1,0,0,0,0,0,0,0,76,229,407,461,419,529,559,618,613,742,622,748,925,928,903,968,837,856,876,858,797,762,641,668,575,650,749,692,626,605
nkx2-3,0,0,0,0,0,0,0,0,0,0,0,0,0,0,0,0,0,0,0,0,0,0,0,0,0,0,0,0,0,0,0,0,0,0,0,0,0
hmxl4,0,0,0,0,0,0,0,0,12,8,14,32,49,63,47,72,125,108,100,138,147,182,191,148,222,189,187,150,238,135,159,109,133,102,124,75,92
LOC582802,3538,3451,3458,3235,2939,2350,1360,956,862,954,1035,1125,806,691,593,491,445,492,366,235,226,159,152,146,121,125,101,76,84,101,77,123,72,55,63,32,48
nkx6,0,0,0,0,0,0,0,0,0,0,0,0,7,6,1,12,13,15,52,64,74,112,132,173,162,184,181,161,177,212,197,256,177,210,174,142,150
hmxl2,0,0,0,0,0,0,1,22,42,15,25,28,39,43,31,18,16,0,9,3,3,1,0,0,0,0,0,0,0,0,0,0,0,0,0,0,0
nr1h4l,18,19,24,21,2,0,0,0,0,0,1,3,27,30,31,40,52,20,32,36,40,45,21,32,57,45,39,36,46,29,42,26,52,31,39,1,21
LOC115929519,480,487,478,462,363,240,69,30,34,8,57,80,142,178,215,271,328,388,379,473,515,630,753,764,892,958,959,1048,1108,1023,1104,1508,1166,1281,1270,1257,1231
LOC577786,287,290,277,305,211,168,123,93,118,189,276,282,273,282,239,232,251,199,214,223,242,257,239,240,244,241,233,226,203,223,219,162,228,297,255,272,267
hr3,20,13,22,26,3,0,0,0,0,0,0,0,0,0,0,0,0,0,0,0,0,0,0,0,0,0,0,0,0,0,0,0,0,0,0,0,0
hr3l,10,9,11,3,0,0,0,0,0,0,0,0,9,12,29,47,98,204,138,186,217,378,421,511,626,687,748,761,910,856,924,951,938,1249,1004,1112,1140
rora,29,34,13,26,18,37,72,95,173,70,116,123,106,80,54,56,65,292,465,128,142,65,72,72,157,146,138,111,120,255,271,153,311,265,220,186,281
nr1d1l2,3,2,4,8,16,11,1,40,31,7,10,11,0,4,2,8,3,27,0,0,0,2,0,0,3,3,0,2,0,0,0,0,4,0,3,0,0
LOC756187,0,0,0,0,0,0,0,1,0,0,21,0,11,14,8,14,24,7,12,17,21,6,17,8,7,10,7,10,0,3,8,3,16,3,9,0,0
esrrg,684,686,684,665,638,754,609,458,386,420,428,482,443,369,357,328,306,201,214,212,224,213,205,202,215,209,196,223,173,182,198,125,180,203,180,162,196
nr2e1l1,0,0,0,0,0,0,0,0,0,0,0,0,0,0,0,0,0,0,0,0,0,0,0,0,0,0,0,4,0,0,0,2,6,0,3,0,0
LOC574674,16,21,14,26,23,26,17,29,12,0,1,15,22,19,17,13,27,5,7,16,14,29,28,48,62,52,73,99,78,63,84,59,91,102,91,99,98
nr4a2,0,0,0,0,0,0,0,0,0,0,0,0,0,0,0,0,0,0,49,20,15,7,22,7,32,14,1,3,5,93,81,179,142,80,76,48,104
osr2,0,0,0,0,0,0,0,0,0,0,0,0,0,7,17,38,49,22,59,35,47,49,48,35,87,80,82,70,67,73,65,35,92,104,74,60,94
LOC579386,0,0,0,0,28,28,0,3,0,0,0,0,0,0,0,25,57,87,125,189,216,258,279,292,245,266,255,256,245,312,294,130,377,393,388,414,385
otx2,1212,1065,1168,1159,1401,1897,2049,1330,1004,673,692,597,531,378,349,276,258,187,164,145,129,138,150,106,205,164,183,163,206,116,153,178,108,126,85,80,110
nrf1,331,330,346,317,272,360,294,343,366,298,303,311,259,246,222,208,178,195,108,112,88,76,73,69,69,56,55,34,31,53,41,26,53,42,45,12,34
LOC100891546,3449,3513,3474,3426,3419,2440,1553,1396,1972,1742,1195,870,825,748,699,705,730,915,1179,898,871,773,858,905,965,915,860,873,710,873,916,1041,867,723,713,731,742
LOC105443840,0,0,0,0,0,0,0,0,0,0,0,0,0,0,0,0,0,0,0,0,0,0,0,0,0,0,0,0,0,0,0,0,0,0,0,0,0
pax2,0,0,0,0,0,0,0,0,0,0,0,15,91,187,250,337,481,299,416,474,519,598,596,530,575,482,499,518,458,545,510,432,475,593,554,583,549
sebox,719,695,670,684,599,706,787,852,600,551,489,510,378,440,363,357,308,217,206,213,220,254,259,261,231,249,227,218,200,145,148,47,78,45,57,12,23
pax6,17,15,18,14,9,16,0,5,0,0,6,24,45,68,78,105,158,240,243,314,347,487,570,610,534,590,554,489,510,449,463,329,412,408,404,334,355
suPaxB,3558,3521,3519,3487,3648,4368,6011,5975,5079,3741,3487,3458,3621,3265,3323,3271,3037,2785,2168,2386,2339,2403,2403,2295,2121,2090,2234,2136,2167,1853,1950,1657,1708,1869,1860,2145,1809
pax,0,0,0,0,0,0,0,0,0,0,0,0,0,0,0,1,25,33,61,84,101,100,111,94,149,148,160,146,140,174,169,260,214,246,208,205,236
pbx3,1726,1872,1726,1835,1693,1628,1016,301,147,255,287,398,310,332,308,363,382,231,337,364,405,414,384,368,362,386,381,371,339,382,351,319,350,288,369,336,299
flt1,0,0,0,0,0,0,0,3,29,216,268,358,454,440,409,390,443,429,306,280,287,222,199,197,267,247,246,159,211,227,212,278,227,208,209,82,204
etv1,246,264,263,269,234,216,258,289,251,287,269,290,381,380,426,481,481,375,347,451,433,497,505,454,514,529,525,524,502,533,491,522,595,667,672,653,681
LOC100890511,0,0,0,6,40,196,469,665,674,538,501,409,212,253,236,262,252,150,580,276,259,289,285,332,327,369,317,332,274,214,272,67,133,88,80,56,59
hmx1l,0,0,0,0,0,0,0,1,0,0,0,0,0,4,0,0,0,0,1,0,0,0,0,0,0,0,0,0,0,0,0,0,1,0,4,7,0
LOC115918510,0,0,0,0,0,0,0,3,0,0,0,0,0,0,0,0,0,0,0,0,0,0,0,0,0,0,0,0,0,0,1,0,10,12,3,5,18
pitx1,0,0,0,0,0,0,0,0,0,0,0,0,0,0,1,2,3,0,20,102,165,221,194,131,61,53,41,15,12,33,17,56,20,28,28,0,17
pitx2,0,0,0,0,0,0,0,0,0,0,0,0,0,0,0,0,0,0,0,2,12,41,110,169,300,370,443,539,512,540,536,438,486,530,497,457,441
pitx3l,0,0,0,0,0,0,0,0,0,0,0,0,0,0,0,0,0,0,0,0,0,0,0,0,0,0,0,0,0,0,0,0,0,0,0,0,0
LOC591795,1450,1481,1418,1446,1299,1198,598,229,132,166,191,258,260,251,261,241,222,203,214,197,210,235,219,227,248,238,227,242,224,193,238,186,245,202,233,196,240
LOC115926368,0,0,0,206,294,105,47,50,46,7,31,6,10,22,10,14,16,0,11,5,1,1,0,1,2,0,3,8,0,0,3,0,7,0,0,0,0
phox2al,0,0,0,141,168,60,8,12,2,0,0,0,0,0,0,0,0,0,0,0,0,0,0,0,0,0,0,0,0,0,0,0,0,0,0,0,0
nr2e3,0,0,0,0,0,0,0,0,0,0,0,0,0,0,0,0,0,0,0,0,0,0,0,0,0,0,0,0,0,0,0,0,0,0,0,0,0
pou4f3,0,0,0,0,0,0,0,0,0,0,0,0,0,0,0,0,0,0,13,54,90,129,160,179,166,180,162,185,177,148,162,98,150,184,162,170,172
pou6f2,226,224,225,239,171,56,22,42,41,38,77,97,85,111,101,107,102,79,95,104,108,93,89,79,105,84,103,102,78,96,99,127,124,132,111,91,106
ppara1,836,897,832,884,771,518,289,126,151,149,191,286,297,298,314,367,369,350,383,452,507,581,614,629,600,653,620,687,673,642,680,652,679,703,731,785,734
ppara2,3,1,8,5,2,0,0,0,0,0,0,0,0,0,0,0,0,0,0,0,1,0,2,0,2,3,0,11,1,7,8,3,16,10,14,14,13
prickle2,3166,3078,3257,3085,2503,724,439,441,392,375,245,255,235,262,250,226,233,207,230,215,229,261,277,267,300,310,299,294,277,278,319,134,301,312,284,290,281
LOC115917881,395,384,380,395,329,233,74,45,90,286,356,399,507,468,352,231,236,121,162,148,179,184,231,234,267,290,299,249,238,334,311,207,455,625,500,550,605
prrx1,0,0,0,0,0,0,0,0,0,0,0,0,0,0,0,0,0,0,0,0,0,0,0,0,0,0,0,0,0,0,0,0,0,0,0,0,0
ptfa1,0,0,0,0,0,0,0,0,0,0,0,43,103,262,347,466,553,751,396,702,680,709,593,590,479,494,455,407,343,374,349,348,373,454,391,379,428
LOC586014,0,0,0,0,0,0,0,0,1,0,0,0,0,0,0,0,1,0,0,0,0,8,19,29,73,113,144,238,439,540,600,883,1042,1367,1142,1555,1488
rarb,0,0,0,0,0,0,0,0,0,7,55,50,75,88,84,85,87,148,70,79,80,65,109,86,143,151,164,162,169,159,174,230,183,201,193,218,205
nr1d1l1,21,15,11,20,2,0,0,1,2,0,5,6,32,48,51,40,67,31,56,50,50,44,53,50,62,59,58,31,45,47,51,25,57,42,43,21,44
LOC575231,0,0,0,0,0,12,4,32,34,28,64,95,131,149,134,157,184,158,178,204,223,294,330,351,423,518,506,485,556,514,590,580,594,726,638,712,757
nr1d1,675,653,681,617,423,99,0,0,1,0,12,37,54,65,62,65,79,29,77,81,90,95,114,104,105,141,154,193,173,206,198,105,246,312,246,210,254
rfx2,1337,1345,1350,1373,1316,1154,1160,947,817,470,380,359,276,303,299,307,301,299,310,350,355,404,383,448,475,566,578,558,492,545,556,419,606,576,584,551,630
LOC591696,0,0,0,0,0,0,0,0,0,0,0,0,0,0,0,0,0,0,0,0,0,0,0,0,37,62,70,99,78,75,78,150,76,83,58,48,59
prdm2,459,438,404,432,311,152,54,70,137,243,257,216,225,226,220,220,230,140,174,195,203,204,211,196,225,204,223,208,236,198,231,176,229,202,217,204,194
roral,192,184,178,181,135,39,0,0,0,0,0,0,0,0,0,2,2,1,10,12,23,21,28,28,49,49,52,55,75,39,63,29,48,46,43,11,29
rreb1,504,413,426,431,409,315,272,314,423,465,362,269,303,264,307,303,324,264,254,245,244,202,230,213,241,205,201,179,185,192,193,87,174,201,188,164,175
spen,1968,1810,1798,1908,1774,1805,1880,2486,2613,2238,1901,1758,1780,1501,1432,1444,1502,1566,1286,1371,1389,1428,1408,1359,1684,1600,1599,1819,1795,1556,1735,1288,1486,1519,1593,1875,1682
runx2,0,0,0,0,0,19,29,42,105,188,246,339,367,424,439,468,480,423,519,396,404,354,380,413,424,390,391,375,373,307,347,491,317,340,293,348,310
runx2l,0,0,0,0,0,0,0,0,0,0,0,0,0,0,0,0,0,0,0,0,0,0,0,0,0,0,0,0,0,0,0,0,0,0,0,0,0
rx1,0,0,0,0,0,0,0,9,25,30,73,77,85,101,109,116,124,65,115,107,118,127,130,126,123,131,130,118,135,134,136,137,148,156,153,153,151
LOC579018,11,14,7,12,1,59,245,428,484,645,731,663,643,636,755,781,870,1123,831,987,1006,1128,1215,1187,1253,1257,1226,1180,1252,1294,1169,935,1108,1178,1182,1160,1092
LOC100893603,0,0,0,0,0,0,0,0,0,0,0,0,0,0,0,0,0,1,17,28,30,33,47,41,45,43,45,18,14,48,31,9,32,30,32,11,27
LOC100888466,23,20,28,34,112,315,525,616,543,597,667,793,880,895,855,877,897,898,616,715,718,746,710,700,744,739,702,731,683,676,625,747,625,706,687,720,663
LOC587670,31,24,24,31,23,8,63,67,76,35,98,197,159,111,77,39,35,4,14,14,17,39,53,44,65,44,55,38,48,60,62,37,75,58,62,32,54
scml,100,77,96,71,22,4,0,0,1,6,20,42,63,70,64,71,96,37,58,68,67,61,72,63,81,76,74,60,55,67,57,151,70,63,50,32,63
LOC580856,0,0,0,0,0,0,0,0,0,0,0,0,0,0,0,0,0,0,0,0,0,0,1,0,4,11,16,39,4,33,33,17,72,65,77,34,68
snai1,0,0,0,0,0,0,0,0,0,0,0,0,0,0,63,182,286,287,246,330,332,347,419,458,545,636,644,446,529,554,518,383,540,401,500,259,398
sfrp5,117,107,114,128,207,233,166,130,88,82,129,143,246,283,295,327,339,264,341,385,414,447,445,432,505,482,462,498,559,393,444,313,362,360,365,337,346
nr2c2,2079,2129,2025,2044,1975,1950,1465,1041,1019,841,828,719,648,596,588,522,519,393,405,428,433,430,430,383,373,384,357,345,343,343,336,349,329,343,348,290,333
LOC577676,0,0,0,0,0,0,0,0,0,0,0,0,0,0,0,12,27,49,50,70,73,119,124,125,104,99,105,83,99,77,104,55,101,94,92,56,81
six1,0,0,0,0,0,7,0,0,0,0,17,70,84,104,100,120,116,110,117,116,127,137,134,163,179,181,172,171,230,180,213,296,196,205,194,141,154
six6,0,0,0,63,959,2338,2460,1047,1170,924,1138,1416,1669,1362,1168,1188,1212,1227,766,1042,1091,1143,997,978,917,954,956,899,974,953,966,1192,992,1191,1106,1358,1211
six4,0,0,0,0,0,0,0,0,0,0,0,0,0,0,0,0,0,0,0,0,0,0,0,0,0,0,0,0,0,0,0,0,0,0,0,0,0
LOC100889733,637,677,720,644,629,478,308,181,163,173,186,202,215,190,170,151,158,89,131,152,152,163,161,169,180,166,156,136,149,136,138,77,146,161,154,135,138
LOC594820,8,17,6,43,377,1208,738,99,72,129,215,120,142,155,152,165,175,157,108,167,202,189,208,177,159,166,159,181,149,175,138,117,134,228,153,128,162
smad1,2669,2492,2505,2538,2470,2619,2367,1486,1272,887,815,742,684,612,577,545,594,535,449,459,475,469,481,441,444,462,428,436,399,400,383,187,341,388,336,323,349
smad2,3136,3256,3156,2493,597,546,413,642,586,502,516,572,583,651,669,663,685,913,610,695,656,717,736,749,712,714,714,786,755,770,769,614,784,866,847,852,792
smad4,1590,1642,1602,1629,1393,1161,758,805,883,923,1099,1172,1322,1297,1371,1317,1453,1334,963,1070,1051,1145,1169,1143,901,970,921,885,869,823,899,731,745,836,834,853,805
LOC373229,492,488,459,469,380,395,521,603,767,740,714,634,681,540,518,487,445,438,433,392,412,407,396,376,410,462,443,440,410,441,437,373,432,507,478,504,557
smad6,169,194,186,147,80,109,243,606,923,1479,1535,1516,1317,1434,1503,1609,1687,2512,1394,1784,1799,1889,1970,2030,1876,1881,1911,1969,2058,1762,1961,2134,1686,2002,1801,2260,1951
snai2,0,0,0,0,0,0,0,0,0,0,11,35,22,16,5,14,33,23,57,100,119,129,161,146,173,160,157,128,125,124,131,224,172,122,155,90,107
sox2,19667,19481,20442,19573,21435,28295,29430,22188,12820,6789,5812,6093,7311,8533,9188,9751,9715,8260,8746,9515,9868,10852,10773,10379,10704,11059,11123,10762,10586,8061,8860,8424,8087,10465,9140,10200,9466
sox14,8327,8467,8643,8427,10351,12740,11465,12451,9803,5979,5945,6121,6861,7020,6792,6653,6254,4543,3508,4720,4670,5335,5136,5169,4490,5014,5271,5266,4839,3889,4175,4108,3854,4980,4578,5402,4514
sox4,78,85,101,88,278,1052,1397,1501,1485,2013,2536,2767,2713,2959,3048,2820,2538,2544,1734,2161,2122,2108,2186,2336,2233,2448,2503,2478,2262,2484,2457,2608,2117,2232,2070,1990,1975
sox5,1297,1261,1199,1216,967,748,524,332,302,294,293,324,315,284,261,248,261,236,233,264,318,354,374,376,407,398,390,398,431,431,432,619,469,478,494,465,524
sox9,0,0,0,0,0,3,0,0,0,0,0,0,0,0,0,1,26,58,95,126,155,166,182,155,166,161,179,143,211,260,226,310,311,469,363,374,489
sox17l,54,61,66,60,80,48,6,4,1,0,0,0,17,36,49,84,153,314,457,586,660,891,1075,1223,1487,1598,1778,2055,2284,2385,2453,2766,2777,2903,2713,2969,2701
LOC100891638,0,0,0,0,0,0,0,0,0,0,0,0,0,0,0,0,0,0,0,0,0,0,0,0,0,0,0,0,0,0,0,0,0,0,0,0,0
sp3,432,391,419,402,438,674,794,630,404,333,319,245,255,271,286,273,248,422,148,177,172,145,161,130,152,141,136,119,146,111,115,66,99,104,103,80,86
sp5,2,0,0,22,79,96,122,218,505,834,1452,1216,1151,1227,1105,977,909,915,628,991,992,1087,1117,1122,1200,1204,1145,1089,924,713,770,463,546,809,645,825,745
sp9,0,0,0,0,0,0,0,0,0,0,0,0,5,7,1,15,21,7,16,10,12,5,9,9,10,6,4,4,0,4,8,0,5,0,7,0,0
sall1,3410,3298,3230,3405,3082,3070,3471,3607,3755,3882,3645,2787,2563,2118,2039,1762,1861,1758,1695,1803,1776,1765,1853,1730,1925,1845,1861,1605,1524,1648,1639,1637,1710,1998,1772,1637,1987
SpZ12-1,1667,1709,1652,1718,1608,1591,1526,1338,1468,1548,1502,1193,863,678,584,513,503,303,329,375,390,416,426,419,448,467,461,455,435,436,452,453,481,527,535,517,523
srebf1,191,214,208,204,211,299,302,288,342,531,610,779,864,881,922,954,1114,1030,1118,1223,1184,1345,1342,1309,1190,1229,1257,1248,1355,1283,1273,883,1230,1377,1308,1458,1391
srf,497,495,496,499,504,450,304,163,102,81,151,194,248,266,269,300,290,236,225,248,224,244,235,219,206,205,233,244,192,216,226,144,204,221,222,190,215
LOC576433,1778,1777,1782,1870,1605,857,430,377,301,416,517,642,751,891,1068,1180,1305,1384,1318,1515,1534,1721,1814,1878,1922,1963,2017,2034,1916,1863,1935,1772,1829,2076,1988,2107,2098
tbr1,269,303,281,288,208,141,150,319,537,477,445,329,253,244,279,273,339,406,224,237,209,134,94,101,62,45,23,13,7,16,23,4,32,13,22,0,14
tbx1,0,0,0,0,0,0,0,3,0,0,0,0,0,0,0,0,0,0,0,0,0,0,0,0,0,0,0,0,0,0,0,0,0,0,0,0,0
tbx2,7,8,6,5,0,0,0,30,420,1898,2013,1273,987,1177,1300,1301,1106,987,1001,1040,1200,1256,1232,1212,1044,1009,1080,1091,969,1040,1019,1060,1027,1131,1056,1095,1058
tbx20,588,616,612,604,477,404,97,26,13,0,0,0,0,0,0,0,0,27,0,0,0,0,0,0,0,0,0,0,0,0,0,0,0,0,0,0,0
LOC100888872,0,0,0,0,0,0,0,0,0,0,0,0,0,0,0,0,0,0,0,0,0,0,1,0,0,4,0,0,0,0,0,0,3,0,0,0,0
tbx3l,9,8,0,3,7,6,0,13,25,26,15,20,16,15,12,10,6,3,21,9,17,31,29,36,35,35,23,20,12,26,34,24,82,64,78,59,64
LOC115918912,2023,2075,2016,2007,1472,493,438,936,1040,1207,1074,1133,1183,1232,1348,1381,1389,1644,1213,1457,1453,1720,1759,1803,1873,1954,1896,1899,1763,1783,1756,1752,1820,1619,1906,1959,1763
etv6,689,671,644,666,516,399,234,172,181,147,184,146,126,141,123,114,125,106,112,123,121,105,106,109,119,122,142,99,110,126,125,55,143,182,143,114,153
tgif2l,2,2,3,5,0,0,0,3,61,224,236,317,468,536,633,670,777,1003,744,867,861,822,915,912,974,924,890,831,706,753,716,841,741,759,697,592,674
thrb,427,428,463,432,279,183,114,204,274,491,643,729,781,650,590,656,709,876,634,856,886,965,1049,1148,1164,1158,1199,1248,1202,1122,1197,1031,1138,1094,1241,1188,1247
tle2,3031,3127,2983,3109,2710,1148,545,666,722,1056,1008,1130,1413,1285,1458,1566,1696,1680,1503,1861,1917,1927,2047,2064,2043,1983,1996,1964,1958,1829,1926,1774,1701,1749,1777,1852,1786
LOC589806,0,0,0,0,0,0,0,0,0,0,6,14,48,73,81,83,144,114,147,157,159,175,166,185,163,173,160,156,139,147,157,115,174,153,170,144,135
tlx3,0,0,0,0,0,0,0,0,0,0,0,0,0,0,0,0,0,0,0,0,0,0,0,0,0,0,0,0,0,0,0,0,0,0,0,0,0
npas1,368,390,393,352,185,123,91,62,52,15,18,28,10,14,8,12,5,0,5,4,3,3,9,8,4,4,1,4,0,5,6,0,3,8,1,0,0
LOC115922590,2332,2328,2294,2442,2242,1875,878,418,491,696,696,839,887,772,774,787,738,779,591,729,768,841,769,800,841,800,840,965,909,777,890,750,784,812,841,1082,873
tulp4,633,608,608,633,501,380,117,99,104,177,193,302,347,419,405,452,451,650,394,492,443,448,429,460,468,454,448,474,421,466,438,458,449,404,478,439,444
twist,0,0,0,0,0,0,0,0,0,0,0,0,0,0,0,0,0,0,0,0,0,0,0,0,0,0,0,0,0,0,0,0,0,0,0,0,0
LOC115923659,0,0,0,0,0,0,0,0,0,0,14,52,89,152,219,272,286,348,298,353,360,466,461,436,407,432,387,418,484,392,428,460,381,418,415,522,457
usf2,554,560,540,519,502,531,526,481,403,352,424,477,495,441,436,395,388,318,286,334,349,327,288,273,248,198,203,166,162,151,170,167,181,173,181,153,205
LOC586893,4156,4257,4303,3638,1959,831,417,215,126,36,7,11,2,10,10,13,8,0,7,7,7,2,3,1,0,5,0,3,0,0,0,0,3,0,3,0,0
foxj3,4539,4646,4524,4750,4288,3255,2087,1734,1867,2031,1883,1908,1916,1779,1769,1826,1779,2050,1483,1665,1621,1736,1664,1820,1860,1866,1880,2008,1893,2026,2069,1858,2021,2087,2090,2397,2330
nsd1,948,853,838,836,749,610,208,67,57,56,84,60,59,61,66,63,79,38,56,68,69,43,70,59,73,56,45,30,33,55,36,10,55,47,34,16,41
xbp1l,1001,948,937,689,384,310,271,470,1073,1398,1544,1556,1387,1461,1535,1667,1633,1650,2289,2063,2089,2301,2282,2524,2854,2862,2825,2867,2862,3004,2963,3032,3010,3112,2898,2725,3060
yy1,1109,1166,1130,1146,1044,1079,926,945,1049,898,817,721,584,530,536,510,423,372,321,377,397,347,296,308,262,251,254,224,264,222,226,154,185,190,204,175,190
prdm14,0,0,0,0,0,0,0,0,0,0,0,13,77,105,123,123,137,86,154,170,172,144,121,141,128,144,131,124,87,82,102,41,98,93,104,80,69
LOC100891209,0,0,0,6,33,50,87,48,63,62,112,50,15,13,0,0,0,0,0,0,0,0,0,0,0,0,0,0,0,0,0,0,0,0,0,0,0
gfi1,1,0,0,1,0,0,0,6,64,342,641,908,1132,1044,1035,1087,1300,1253,1219,1395,1395,1472,1500,1393,1486,1300,1297,1269,1180,949,965,668,717,819,721,621,590
LOC764243,59,66,89,96,200,312,446,467,408,369,303,291,267,220,263,253,243,361,319,264,291,231,226,273,322,316,337,427,397,436,419,532,414,306,373,433,363
zic1,0,0,0,0,36,72,229,348,346,493,366,327,379,334,288,289,355,309,166,244,249,232,225,214,230,237,254,207,199,153,173,339,183,216,195,235,191